Title,Company,Location
Javascript Fullstack Engineer Senior,Lumenalta,ğŸŒ Worldwide
Mobile App Developer,CrazyGames,ğŸ‡ªğŸ‡º Europe
Senior Software Engineer,Contra,ğŸ‡¨ğŸ‡¦ Canada
Senior Full Stack Developer,Zammad,ğŸ‡ªğŸ‡º Europe
Web Developer,Contra,ğŸŒ Worldwide
Senior React Full stack Developer,Lemon.io,ğŸ‡ªğŸ‡º Europe
Administrative Executive,Prime Design & Build,ğŸ’ƒ Latin America
Full Stack Engineer,Stealth,ğŸŒ Worldwide
Internet of Things Technical Lead,Sanctuary Computer,ğŸŒ Worldwide
Senior Software Engineer,Emergent Software,ğŸŒ Probably worldwide
